customer_name,customer_email,country,gender,age,annual_Salary,credit_card_debt,net_worth,car_purchase_amount
Martina Avila,cubilia.Curae.Phasellus@quisaccumsanconvallis.edu,Bulgaria,0,42,62812.09,11609.38,238961.25,35321.46
Harlan Barnes,eu.dolor@diam.co.uk,Belize,0,41,66646.89,9572.96,530973.91,45115.53
Naomi Rodriquez,vulputate.mauris.sagittis@ametconsectetueradipiscing.co.uk,Algeria,1,43,53798.55,11160.36,638467.18,42925.71
Jade Cunningham,malesuada@dignissim.com,Cook Islands,1,58,79370.04,14426.16,548599.05,67422.36
Cedric Leach,felis.ullamcorper.viverra@egetmollislectus.net,Brazil,1,57,59729.15,5358.71,560304.07,55915.46
Carla Hester,mi@Aliquamerat.edu,Liberia,1,57,68499.85,14179.47,428485.36,56612
Griffin Rivera,vehicula@at.co.uk,Syria,1,47,39814.52,5958.46,326373.18,28925.71
Orli Casey,nunc.est.mollis@Suspendissetristiqueneque.co.uk,Czech Republic,1,50,51752.23,10985.7,629312.4,47434.98
Marny Obrien,Phasellus@sedsemegestas.org,Armenia,0,47,58139.26,3440.82,630059.03,48013.61
Rhonda Chavez,nec@nuncest.com,Somalia,1,43,53457.1,12884.08,476643.35,38189.51
Jerome Rowe,ipsum.cursus@dui.org,Sint Maarten,1,50,73348.71,8270.71,612738.62,59045.51
Akeem Gibson,turpis.egestas.Fusce@purus.edu,Greenland,1,53,55421.66,10014.97,293862.51,42288.81
Quin Smith,nulla@ipsum.edu,Nicaragua,0,44,37336.34,10218.32,430907.17,28700.03
Tatum Moon,Cras.sed.leo@Seddiamlorem.ca,"Palestine, State of",0,48,68304.47,9467,420322.07,49258.88
Sharon Sharpe,eget.metus@aaliquetvel.co.uk,United Arab Emirates,0,55,72776,10597.64,146344.9,49510.03
Thomas Williams,aliquet.molestie@ut.org,Gabon,1,53,64662.3,11326.03,481433.43,53017.27
Blaine Bender,ultrices.posuere.cubilia@pedenonummyut.net,Tokelau,0,45,63259.88,11495.55,370356.22,41814.72
Stephen Lindsey,erat.eget.ipsum@tinciduntpede.org,Portugal,1,48,52682.06,12514.52,549443.59,43901.71
Sloane Mann,at.augue@augue.net,Chad,1,52,54503.14,7377.82,431099,44633.99
Athena Wolf,volutpat.Nulla.facilisis@primis.ca,Iraq,0,59,55368.24,13272.95,566022.13,54827.52
Blythe Romero,Sed.eu@risusNuncac.co.uk,Sudan,1,52,63435.86,11878.04,480588.23,51130.95
Zelenia Byers,auctor.non@sapien.co.uk,Angola,0,48,64347.35,10905.37,307226.1,43402.32
Nola Wiggins,Aliquam@augue.edu,Nigeria,1,46,65176.69,7698.55,497526.46,47240.86
Micah Wheeler,arcu.eu@tincidunt.org,Madagascar,1,47,52027.64,11960.85,688466.05,46635.49
Caryn Hendrix,condimentum.Donec@duiCum.com,Macedonia,0,40,69612.01,8125.6,499086.34,45078.4
Hedda Miranda,scelerisque@magnased.com,Oman,0,53,53065.57,17805.58,429440.33,44387.58
Ulric Lynn,sociis@vulputateveliteu.com,Colombia,0,28,82842.53,13102.16,315775.32,37161.55
Alma Pope,Nunc.mauris.Morbi@turpis.org,Namibia,0,56,61388.63,14270.01,341691.93,49091.97
Gemma Hendrix,lobortis@non.co.uk,Denmark,1,46,100000,17452.92,188032.08,58350.32
Castor Wood,velit.Pellentesque@Nulla.net,Dominican Republic,1,40,62891.87,12522.94,583230.98,43994.36
Herman Stevenson,sociosqu.ad.litora@erat.com,Costa Rica,1,33,39627.12,9371.51,319837.66,17584.57
Adrienne Bolton,dictum@magnaPraesent.ca,Botswana,1,40,68859.56,13417.02,486069.07,44650.36
Dahlia Cleveland,tincidunt.tempus@idsapien.co.uk,Saint Pierre and Miquelon,1,51,82358.23,8092.48,655934.47,66363.89
Keane Browning,Curabitur@acipsumPhasellus.co.uk,France,0,51,67904.4,11417.31,487435.96,53489.46
Quon Hull,nascetur.ridiculus.mus@dignissim.co.uk,Senegal,0,46,65311.68,7988.75,215673.54,39810.35
Coby Charles,nec@dolornonummyac.com,Cambodia,0,51,59593.26,12252.73,612242.78,51612.14
Amery Cortez,semper.et.lacinia@Morbiquisurna.ca,Suriname,1,50,47460.55,7405.53,430624.81,38978.67
Uriel Bradshaw,ultrices@Integersemelit.com,Turkey,1,22,43131.78,10917.14,326742.74,10092.23
Fredericka Sanders,Curabitur@Infaucibus.ca,Ethiopia,0,51,52263.7,8838.76,213040.96,35928.52
Christopher Stevens,blandit.enim@lacusvariuset.org,French Guiana,1,48,80959.53,4499.92,379749.92,54823.19
Rachel Ashley,tincidunt.tempus.risus@posuerecubiliaCurae.co.uk,Turkey,0,42,66417.67,9183.33,513340.01,45805.67
Lael Wright,a@consequatpurusMaecenas.com,Bhutan,1,46,58457.41,12491.01,410655.99,41567.47
Ryder Shaffer,Phasellus.dapibus.quam@inhendrerit.ca,Georgia,0,38,50571.46,13338.33,348833.84,28031.21
Eric Noel,lacinia.at.iaculis@Fuscefermentumfermentum.edu,Mozambique,1,39,50943.16,10816.89,299734.13,27815.74
Tamara Guy,nec.eleifend@orci.org,Nauru,1,61,79792.13,14245.53,497950.29,68678.44
Quincy Bell,in@Duisgravida.co.uk,Timor-Leste,0,55,70787.28,10155.34,853913.85,68925.09
Lee Taylor,Vivamus.nisi.Mauris@miAliquam.co.uk,Djibouti,1,42,56098.51,11675.28,320228.65,34215.76
Kenneth Pope,vitae.sodales.at@molestiearcuSed.org,Argentina,0,51,57478.38,2230.1,158979.71,37843.47
Reese Vance,egestas@malesuadavelvenenatis.com,Taiwan,1,41,60181.41,7094.9,390312.17,37883.24
Quon Carroll,sodales@pharetra.com,?land Islands,0,40,74445.08,7915.76,527420.73,48734.36
Magee Davidson,Quisque@tempor.net,Turks and Caicos Islands,1,41,38406.78,11023,451846.2,27187.24
Leilani Gross,dignissim@mollisDuissit.org,Samoa,0,56,64616.69,12378.54,779925.79,63738.39
Morgan William,sociis.natoque.penatibus@uterat.ca,Vanuatu,0,46,68107.93,7813.6,455609.14,48266.76
Francesca Cervantes,leo@sitametdapibus.edu,Mongolia,1,37,72471.82,11216.89,583523.08,46381.13
Rafael Peterson,lectus.a.sollicitudin@tortorat.net,Sri Lanka,1,52,35069.42,1851.98,353757.51,31978.98
Roanna Knox,dolor.nonummy@metusurnaconvallis.net,Guinea-Bissau,0,57,52422.95,6998.47,438067.75,48100.29
Marny Vargas,nonummy.Fusce.fermentum@ligula.org,Egypt,1,34,84467.79,7772.44,468238.79,47380.91
Charlotte Waller,odio@Nuncac.org,Slovenia,1,43,51419.51,11331.2,636407.11,41425
Dorian Hernandez,conubia.nostra.per@diam.co.uk,Benin,1,50,46609.52,7592.02,409419.58,38147.81
Armando Hensley,Class.aptent@torquentper.com,Cape Verde,1,42,55207.46,9976.43,286062.52,32737.8
Rowan Kidd,sapien.Aenean.massa@adipiscing.ca,Paraguay,1,42,46689.42,7829.57,615765.93,37348.14
Gwendolyn Rice,Duis@metusIn.com,Laos,0,42,71847.25,4225.33,476088.4,47483.85
Gareth Morris,est.Nunc.laoreet@nullavulputatedui.edu,Iceland,0,55,69236.69,9842.84,242495.99,49730.53
Sawyer Carney,erat.Sed@Phasellus.ca,Iceland,0,53,54006.78,15189.09,246321.89,40093.62
Raya Shields,tincidunt.aliquam@orciluctuset.com,Viet Nam,0,53,47228.36,9046.18,456634.21,42297.51
Olga Serrano,risus@urnasuscipitnonummy.edu,Marshall Islands,0,43,70187.5,6841.54,662176.49,52954.93
Yuli Craig,lobortis.quis.pede@Seddiam.com,Germany,0,55,62262.95,11785.88,301026.22,48104.11
Lev Kramer,eu.odio@tristique.org,Kyrgyzstan,1,43,59195.83,8634.38,573054.38,43680.91
Nissim Acosta,enim@at.net,Mauritius,1,57,48716.67,10886.92,662382.66,52707.97
Miranda Berry,lorem@necmauris.ca,Gambia,1,52,66478.01,13685.89,356553.4,49392.89
Owen Jacobson,ac.orci@Etiamimperdietdictum.edu,"Palestine, State of",1,45,50280,11350.49,230728.3,30841
Marvin Becker,congue.elit@vestibulumneceuismod.ca,Reunion,0,56,57393.83,5627.8,411831.04,49373.38
Davis Scott,neque@variusultricesmauris.edu,Jordan,0,41,63429.93,10676.22,481335.36,41903.65
Matthew Colon,facilisis@Nullainterdum.edu,Slovakia,1,48,59139.21,4630.54,473845.85,45058.9
Quinlan Harris,libero.nec@adipiscing.org,Kiribati,1,56,67015.19,13000.41,355157.64,52991.53
Hedley Greene,eleifend@felis.org,United States Minor Outlying Islands,0,47,69157.45,15791.61,506986.98,50958.08
Orson Kirby,cursus@nectellus.co.uk,Puerto Rico,1,53,50867.94,16732.31,344916.18,41357.18
Adria Mathis,Aliquam.rutrum.lorem@Donec.net,Guinea,1,57,53450.9,8740.72,309113.06,44434.72
Peter Stout,dictum.mi.ac@semperrutrumFusce.com,Guam,0,39,70463.99,10059.55,278799.7,38502.42
Cleo Moore,pede.et@Sedeu.com,China,0,45,52697.15,861.82,540805.49,41221.25
Cally Montoya,sit@pedeCum.ca,Sierra Leone,1,33,71055.42,6147.92,441527.01,38399.46
Ila Farrell,lacus@velit.edu,Sint Maarten,1,44,55406.46,9522.58,523251.27,41456.68
Abel Stanton,eu.lacus.Quisque@congue.edu,Ecuador,1,40,48567.07,9724.03,407401.38,30394.82
Reed Roman,laoreet.libero@laoreetlectus.com,Anguilla,0,40,69506.62,5449.47,409293.27,42384.05
September Puckett,tincidunt@consequatpurusMaecenas.net,Kazakhstan,1,37,69453.72,9565.83,386128.13,39002.08
Teegan Barr,non.lorem.vitae@eratVivamus.org,Jersey,1,40,36929.35,9719.19,245664.37,19553.27
Alexander York,eu.odio.Phasellus@ipsumporta.edu,Ecuador,1,44,63087.95,11024.03,496856.49,45167.33
Jared Green,laoreet@sagittis.edu,Macao,0,43,50889.34,11041.18,448601.95,36019.96
Eagan Woodward,varius.et@Maecenas.edu,Indonesia,1,58,58065.26,4204.92,388498.51,50937.94
Ferdinand Weber,metus.Vivamus@vitaeposuere.org,Suriname,1,32,20000,14261.81,579181.66,12895.71
Kitra Kerr,scelerisque@Vivamusnon.co.uk,Palau,1,50,60536.2,8244.47,173079.18,38955.22
Desirae Stone,Morbi.sit@Aliquamfringilla.ca,Ghana,1,59,50667.7,9871.4,536665.05,51221.04
Len Phillips,libero.lacus@Suspendisseseddolor.net,Cameroon,1,42,44376.62,13865.09,259049.28,25971.96
Yen Santana,ornare.facilisis@ornarelibero.ca,Myanmar,0,50,75958.28,10562.9,635512.36,60670.34
Martina Fuentes,elit@nequeIn.com,Senegal,1,53,70896.73,11794.74,398746.85,54075.12
Ariana Nash,vel.turpis.Aliquam@consequatpurus.edu,Central African Republic,1,47,56009.73,11030.27,391848.6,40004.87
Glenna Graham,sodales@maurisSuspendisse.com,Bolivia,0,46,90556.63,13872.57,479586.94,61593.52
Holmes Lane,ac.orci@accumsaninterdum.co.uk,Laos,1,43,71716.46,8870.71,165866.2,39503.39
Emerald Hamilton,sit.amet.orci@facilisis.edu,Egypt,0,49,68502.11,5831.12,515084.19,52474.72
Gage Marquez,malesuada.vel@dictum.co.uk,Guam,0,43,46261.43,16767.26,759479.46,42187.68
Travis Burks,dictum@liberolacusvarius.ca,Namibia,1,53,61858.19,5189.08,706977.05,57441.44
Otto Oneill,arcu.Morbi.sit@elementum.ca,Mozambique,1,36,49483.83,11811.25,242292.92,22681.72
Brian Mathews,vulputate.mauris.sagittis@orciluctus.com,Bhutan,1,30,68289.18,7357.79,404457.31,33640.74
Ralph Rich,et@tellus.edu,Tuvalu,0,37,47399.23,14562.64,537744.13,31540.78
Yasir Tyler,pharetra.sed.hendrerit@adipiscinglobortisrisus.edu,Qatar,0,48,63975.06,10614.85,891439.88,60461.24
Dominic Mcintosh,Cras.vehicula@nibhPhasellusnulla.net,Venezuela,0,44,75460.52,6280.93,296972.41,45738.33
Tanner Ward,diam@orciUt.ca,Togo,0,42,51075.46,12416.85,450402.29,34803.82
Wing Gray,urna.nec@tempusscelerisquelorem.org,Nepal,1,50,42433.55,7335.52,386057.42,34642.6
Lionel Mcclure,odio.auctor.vitae@placeratorcilacus.edu,Saudi Arabia,1,30,61922.9,10366.5,323453.2,27586.72
Wing Parks,sagittis@magnased.ca,San Marino,1,42,69946.94,9010.65,778537.21,54973.02
Oleg Gordon,Nunc.sollicitudin.commodo@blanditat.co.uk,Saint Lucia,1,46,73476.42,9656.81,386287.02,49142.51
Jamal Stephenson,lorem.lorem@in.edu,Vanuatu,1,55,75571.2,12887.55,416540.3,58840.54
Kadeem Larsen,ornare.lectus.ante@lectusNullam.net,United Arab Emirates,0,44,82573.01,1696.99,562605.07,57306.33
Todd Maldonado,dui.semper.et@aultricies.net,Solomon Islands,0,58,50649.64,11211.72,565932.19,51941.68
Victor Yang,arcu.Vivamus.sit@egestasSed.com,Andorra,1,42,53427.46,7903.1,238529.63,30240.61
Quamar Cummings,mauris@convallisconvallisdolor.co.uk,Falkland Islands,1,57,75247.18,13258.47,659279.2,67120.9
Dominic Hughes,cursus.vestibulum.Mauris@pedenonummy.com,Nepal,1,43,69175.19,6039.59,325701.41,42408.03
Lamar Hensley,erat@pedeac.co.uk,Japan,0,35,84171.17,12719.64,244310.57,41451.72
Solomon Atkinson,Aliquam@laoreet.net,Israel,0,43,45721.67,14250.52,790526.55,42592.89
Dean Snider,tempus@sit.ca,Christmas Island,0,35,54355.76,10008.77,573052.01,34521.18
Vernon Kidd,sapien.imperdiet.ornare@vitaeerat.edu,Macedonia,1,34,77206.48,8493.1,411070.48,42213.7
Dolan Clayton,justo@est.ca,Liechtenstein,0,48,57005.19,12416.79,408147.04,41913.54
Marvin Deleon,lectus.Nullam@congueelitsed.ca,Mayotte,1,53,65809.11,4820.84,692401.47,59416.18
Merrill Bailey,natoque.penatibus@nislsem.net,Ecuador,0,47,65468.14,7248.54,588570.89,51402.62
Adrian Brock,Cras.lorem@nonvestibulumnec.net,Benin,0,54,60991.82,7329.23,586368.93,54755.42
Rigel Craft,diam.eu.dolor@Proin.com,Liechtenstein,0,51,61809.07,2620.08,407733.52,47143.44
Chaim Lewis,luctus@ut.org,Liberia,0,59,66905.48,10077.5,651215.64,64391.69
Kyle Evans,magnis@vitaenibh.org,Saint Kitts and Nevis,0,49,65131.25,6206.92,53366.14,37252.55
Ulysses Craig,sit.amet@orci.ca,Laos,1,51,83626.31,8458.75,167031.56,52665.37
Nolan Nixon,arcu@etultricesposuere.co.uk,Iraq,0,40,64328.28,13860.44,567357.03,44001.21
Oren Rosario,ultrices.Vivamus.rhoncus@lacusMauris.net,Slovenia,1,53,69255.99,18361.25,339207.28,51551.68
Hector Bowers,eget@Morbiquisurna.co.uk,Maldives,1,45,60575.13,8088.34,291360.03,38243.66
Tate Molina,erat@sitamet.ca,Qatar,0,45,63729.13,12507.2,271430.05,39766.65
Julian Alexander,Integer.id.magna@consequatenimdiam.co.uk,Guinea,0,37,64315.74,14871.36,502946.88,40077.57
Lucian Medina,rutrum@temporbibendum.com,Aruba,0,43,51419.02,9026.06,362564.35,33131.53
Todd Bass,Lorem.ipsum.dolor@et.edu,Lebanon,0,48,53870.48,14720.53,701782.53,48622.66
Mannix Snow,elit@euismodenim.net,Monaco,0,49,56895.23,9851.58,580950.4,47693.23
Benedict Serrano,blandit.viverra@mollisDuis.co.uk,Falkland Islands,1,48,52534.21,7583.75,401955.5,39410.46
Yoshio Potter,fringilla.cursus.purus@dolorvitae.ca,Martinique,1,45,52632.97,12348.68,293999.94,33428.4
Stone Koch,facilisis.Suspendisse@Duissit.ca,Guadeloupe,1,43,42375.21,6062.6,510039.15,32700.28
Elliott Horne,sollicitudin.adipiscing.ligula@Sedeu.co.uk,San Marino,0,62,65617.29,14392.29,560593.42,62864.43
Tanner Johnson,blandit.at@vulputateullamcorpermagna.org,Kiribati,1,46,49398.74,6994.62,174525.84,29425.83
Gabriel Carson,et@venenatis.co.uk,Equatorial Guinea,0,51,63869.65,12860.66,260269.1,44418.61
Cain Love,est.mollis.non@placerat.com,South Africa,1,44,60871.18,4397.95,262959.25,36645.56
Barry Larsen,Praesent.eu.dui@bibendumsed.com,Wallis and Futuna,0,57,68090.51,6181.97,316064.03,53655.54
Lawrence Ryan,condimentum@duilectus.co.uk,Tunisia,0,60,54122.88,15164.88,254617.26,45977.13
Allen Burke,eu.ultrices@In.edu,Pakistan,1,39,59316.94,12296.34,510811.37,38504.39
Nero Morgan,non.sapien@seddictumeleifend.edu,Bahrain,0,61,38779.18,12758.9,581497.89,47935.94
Reuben Holden,pede.nonummy@Vivamusnonlorem.co.uk,Macedonia,1,50,88292.73,10799.14,378357.94,60222.23
Orson Hyde,gravida.sit@eget.net,Djibouti,1,37,68688.4,15796.32,375889.64,38930.55
Nolan Conner,feugiat@felisNulla.org,Bolivia,1,45,51906.85,13686.97,85520.85,27810.22
Stuart Reed,elementum@SeddictumProin.net,Serbia,1,50,52373.79,11347.63,633383.49,47604.35
Rashad Harper,auctor@arcuimperdiet.ca,Timor-Leste,0,32,73768.12,8132.07,562663.81,42356.69
Dieter Delaney,sit.amet.risus@ipsum.ca,Peru,0,34,55576.84,9396.01,475126.13,31300.54
Hop Farley,in@et.co.uk,Austria,1,45,59689.81,14862.84,449895.3,42369.64
Darius Herring,imperdiet@sem.edu,"Palestine, State of",0,50,55381.53,5088.24,20000,31837.23
Baker Saunders,Aliquam.nisl@hendreritidante.org,Lithuania,0,51,34154.78,5316.01,216355.34,26499.31
Kermit Fuentes,ac@sedpedeCum.org,Cura?ao,0,53,54382.75,6940.06,191168.45,38172.84
Marvin Garner,in@sed.org,Djibouti,0,34,65919.6,7594.36,543789.72,39433.41
Sebastian Marks,et.eros@feugiatmetussit.net,Zimbabwe,0,56,39488.46,10992.33,363561.2,37714.32
Hector Price,Aliquam.nisl@semegetmassa.co.uk,Martinique,1,57,72637.84,14938.51,352507.9,57125.42
Holmes Irwin,Nunc.sed.orci@Namligulaelit.net,Mauritius,1,48,67247.08,9851.69,368344.06,46453.35
Trevor Faulkner,ut@vitaesodales.net,Uganda,0,40,71271.84,13122.46,411045.83,43855.06
Gannon Nguyen,et.rutrum.eu@congue.net,Kenya,0,50,71693.45,14421.48,517480.09,55592.7
Quentin Randall,Fusce.aliquet@egetmassa.co.uk,Macao,0,47,57860.53,7146.19,445745.55,42484.02
Baker Norton,convallis@purus.net,Jersey,1,39,69142.08,8707.51,399124.45,40879.19
Hakeem Mendoza,Maecenas@scelerisquelorem.ca,Kuwait,1,36,52477.66,12071.42,97706.89,20653.21
Peter Maynard,vel.est.tempor@egetvenenatisa.com,Guinea,1,44,47592.05,13167.66,473101.03,35438.81
Devin Humphrey,sodales.Mauris@ametornare.ca,Greece,0,47,48123.37,921.53,405550.17,36112.79
Isaiah Harding,pede.blandit@disparturient.net,Bouvet Island,1,33,76916.42,13923.96,315183.57,38182.3
Graiden Powell,pellentesque.tellus@faucibusidlibero.com,Thailand,1,42,65714.46,12557.08,362707.03,41026.02
Chancellor Padilla,pharetra@nuncsedlibero.edu,Bahamas,1,47,40346.06,11505.9,255922.47,27889.95
Philip Barnes,senectus.et.netus@nibhDonecest.net,Latvia,0,40,71148.2,7917.65,416817.47,43724.49
Cameron Cash,auctor@ipsum.org,Hong Kong,1,54,81757.67,7500.78,278181.84,57430.77
Eric Green,arcu.vel.quam@magnaPraesentinterdum.co.uk,French Polynesia,0,38,64867.15,13962.95,498441.57,41104.07
Tanek Koch,blandit@nunc.org,Sierra Leone,0,40,70051.94,4701.32,613706.54,49050.85
Alan Browning,purus@Sed.ca,?land Islands,1,45,62043.17,4980.67,357639.03,41265.53
Phelan Montoya,magna.tellus.faucibus@etmalesuadafames.co.uk,Yemen,0,51,85186.49,12413.03,546630.53,64545.16
Chancellor Patel,metus.eu.erat@suscipitnonummy.com,Heard Island and Mcdonald Islands,1,38,47127.42,10221.15,427011.5,29052.1
Palmer Cohen,non.leo@mollis.net,"Virgin Islands, British",1,34,61177.09,9837.22,340663.33,30719.82
Ahmed Wright,consectetuer@auctorodio.com,Singapore,1,50,57770.36,8628.43,211765.25,38763.11
Burton Carroll,rhoncus.id.mollis@Maurisvel.org,Algeria,0,42,60432.4,11417.46,415005.36,39331.2
Nero Miranda,semper@vulputateposuere.net,Bhutan,1,33,58999.89,6904.42,478422.8,32608.45
Ali Strong,dis.parturient.montes@eratvel.com,Wallis and Futuna,1,56,62645.96,11431.23,613242.17,58045.56
Nasim Ryan,est.congue.a@convalliserat.net,Cocos (Keeling) Islands,0,57,68782.16,9810.75,350157.84,54387.28
August Duncan,tempor.bibendum@Nuncpulvinar.co.uk,Saint Martin,1,37,67545.96,7171.47,322905.46,36638.21
Kieran Gilliam,ac.nulla@consectetueripsumnunc.co.uk,Bolivia,0,51,42415.49,5205.01,520997.24,39522.13
Stone Hunt,convallis.erat@eratvel.org,Northern Mariana Islands,0,63,44617.98,9683.74,251702.12,42978.35
Malachi Henson,adipiscing.elit@Nunc.com,Croatia,1,53,72226.56,5817.15,623033.48,60865.76
Seth Massey,in.aliquet@fermentumvel.com,Jordan,1,51,48958.91,2418.86,615672.47,46380.45
Ulric Robles,fringilla@ornare.edu,Malta,1,48,86067.84,9181.07,335652.62,56579.9
Gannon Marquez,Aliquam@porttitor.net,Mauritania,1,41,65554.4,12026.58,462613.86,42774.36
Marshall Armstrong,ipsum.cursus.vestibulum@a.com,Guyana,0,39,69248.5,6445.78,298246.06,37879.65
Christian Huffman,dignissim.Maecenas@tinciduntnuncac.co.uk,Laos,0,45,59331.24,10027.53,543313.35,45208.43
Gil Sanders,eu.ultrices@cursuset.net,Haiti,0,70,52323.24,12438.86,346555.17,56229.41
Otto Thomas,orci.tincidunt.adipiscing@erat.edu,Cocos (Keeling) Islands,0,51,63552.85,9347.5,474763.47,50455.12
Moses Blackburn,et.malesuada.fames@musProin.edu,Madagascar,0,51,75116.11,5969.67,232607.39,49721.31
Drake Chen,enim.commodo@consequatenimdiam.com,Faroe Islands,0,42,38284.02,15467.79,587010.55,31697
Christian Hernandez,dolor@vehiculaPellentesque.co.uk,Kyrgyzstan,1,50,55293.51,9465.09,629764.27,49220.02
Jelani F. Pace,Morbi@atarcuVestibulum.co.uk,Saint Barth?lemy,1,40,63210.76,3657.86,664431.4,46188.84
Tiger I. Melton,rhoncus@nisl.net,Israel,1,44,54918.39,8920.39,347017.83,36086.93
Quail D. Horne,sit.amet@FuscemollisDuis.org,Uganda,0,52,57262.8,7793.07,322150.35,43264.05
Hammett A. Manning,sapien.cursus.in@netus.edu,Samoa,1,41,72299.95,11544.93,275389.07,40660.38
Lamar V. Guthrie,vel@arcuVestibulumante.com,Heard Island and Mcdonald Islands,0,57,50241.49,14817.71,607395.02,51683.61
Abra D. Golden,odio@Duis.com,Poland,0,54,65834.57,15353.26,152012.35,44525.02
Vaughan L. Mathis,eu@iaculis.org,Bhutan,1,50,60382.18,11302.88,490444.41,48518.9
Alfreda V. Harrell,molestie@mi.net,Algeria,1,37,68691.17,16305.79,619707.42,45805.31
Nora X. Decker,non.enim@diam.org,Congo (Brazzaville),0,52,65446.66,8491.59,571564.79,54850.39
Jeanette Q. Leach,vitae@nisl.net,Liechtenstein,0,43,42978.34,8884.11,491193.38,32478.45
Keiko O. Whitaker,est@porttitortellus.com,Timor-Leste,0,52,58143.06,9686.12,261152.82,42209.29
Hector F. Leblanc,Curabitur@maurisaliquameu.net,Guernsey,0,64,61666.29,11672.72,299854.22,55125.93
Emerald R. Cohen,in.consequat.enim@consectetuer.edu,Sao Tome and Principe,0,51,64854.34,3247.89,371240.24,47984.42
Cathleen E. Ortega,lectus@aliquamenim.org,Ghana,0,55,45757.16,11207.02,465709.89,43405.89
Velma K. Moses,augue.scelerisque@luctuslobortis.com,Guam,1,47,73096.51,10743.79,196421.74,44577.45
Lael W. Sheppard,eu.metus@sodalespurusin.net,Armenia,1,36,67249.06,12998.47,396793.47,37744.54
Indigo P. Dejesus,quam.Pellentesque.habitant@felis.com,Cocos (Keeling) Islands,0,39,77165.81,8737.2,478853.32,47805.26
Quinlan S. Cantu,pede.Praesent.eu@Aliquam.net,French Polynesia,1,45,72316.18,8728.92,279393.49,44846.69
Mariam I. Montgomery,vel.mauris@accumsanneque.co.uk,Grenada,1,47,68431.27,14088.91,383693.2,46643.27
Pamela M. Cantu,posuere.enim.nisl@lectusNullam.ca,China,0,47,62311.12,9832.06,830430.37,56563.99
Hanna C. Martinez,Maecenas.mi.felis@amet.co.uk,Saint Kitts and Nevis,0,60,53229.15,10756.61,112127.26,41673.45
Lynn S. Avery,dui.Suspendisse.ac@Sedegetlacus.net,Venezuela,1,59,77662.11,13444.9,331460.47,61118.47
Laurel H. Snow,dui.Suspendisse.ac@tacitisociosqu.org,Andorra,1,36,69494.7,20000,335809.62,37303.57
Keegan Q. Ramirez,aliquet@volutpatNulla.edu,Yemen,0,47,61063.36,12066.27,509543.09,46892.27
Shad K. Hancock,sit.amet@Proin.org,United States,1,38,79368.92,13501.93,761935.52,56457.74
Harding E. York,quis.lectus.Nullam@egestas.org,French Polynesia,1,42,61693.44,10835.26,620522.38,45509.7
Indira A. Aguilar,erat.Sed.nunc@aneque.ca,"Virgin Islands, United States",1,33,47211.67,4295.23,539365.94,27625.44
Bell K. Romero,non.sapien.molestie@rhoncus.edu,Saint Pierre and Miquelon,1,39,69897.75,9624.91,565814.73,46389.5
Cassady L. Foreman,magna.Suspendisse@tincidunt.edu,Marshall Islands,0,39,63675.93,9631.97,74257.83,29002.06
Samson N. Wagner,magna@sagittisaugueeu.org,Saint Barth?lemy,1,55,72302.03,10813.76,234159.08,51355.71
Wade O. Diaz,vel.sapien.imperdiet@dolorsit.co.uk,Greece,0,45,63687.5,13421.37,358615.93,42011.2
Len B. Finley,dis@dis.edu,Greenland,1,51,63678.15,5011.62,563498.66,52654.4
Emerald U. Hanson,dui.quis.accumsan@pedeCrasvulputate.co.uk,United Arab Emirates,0,49,77435.47,6922.15,48620.32,44432.72
Cody G. Gill,sagittis.Nullam@acrisus.com,Puerto Rico,1,46,62721.41,16127.57,494985.54,46054.6
Kyle R. Kaufman,Morbi.vehicula@mattis.org,Israel,1,53,70842.84,9536.9,545947,58235.41
Drake D. Gray,orci.consectetuer@porttitor.com,Mauritania,1,39,55285.99,17462.08,734443.7,42990.29
Honorato M. Butler,Cum.sociis.natoque@purus.ca,Sao Tome and Principe,1,43,72002.06,14709.66,568947.75,50702.18
Tate C. Foster,dignissim.magna@Maurisvel.edu,Viet Nam,1,70,41434.51,6810.56,252220.29,47009.58
Zelenia L. Lowe,Nunc.mauris.elit@Curabiturvel.edu,Bermuda,0,51,60404.38,4198.84,513974.68,49399.97
Callum U. Sweet,sem.ut@odio.edu,Equatorial Guinea,0,52,65239.06,7437.21,168703.34,42997.17
Zane I. Boone,blandit@Cum.edu,Bahrain,1,45,62939.13,632.05,455589.8,44434.98
Timothy J. Terrell,orci@lobortis.com,Laos,0,48,60608.4,8233.28,492113.01,46325.51
Zahir A. Estes,eleifend.vitae@Pellentesquehabitantmorbi.ca,Norfolk Island,1,48,56118.4,9242.78,586717.47,46846.73
Michelle W. Ryan,ante.lectus@duiCum.net,Italy,0,48,86706.33,9653.26,333543.69,56499.1
Serena B. Moody,vitae.risus.Duis@hymenaeos.edu,French Guiana,1,57,41236.36,9399.34,466988.26,42773.76
Mark V. Vaughn,Morbi.vehicula@ac.net,Israel,1,46,77146.28,7903.33,418764.51,52313.98
Anjolie A. Galloway,consequat.nec.mollis@nec.ca,Marshall Islands,0,44,56437.3,10461.98,249182.78,34139.64
Kylee O. Warner,cursus.in@neque.co.uk,China,1,65,70703.85,5025.37,284991.74,60763.25
MacKenzie O. Fowler,Aliquam.nec.enim@nec.co.uk,Saint Barth?lemy,0,57,69810.46,4684.56,720423.82,66158.69
Lana S. Pace,augue@orci.com,Cape Verde,1,47,54279.4,5699.18,124979.05,31215.64
Wilma L. Stevenson,non.vestibulum@consectetuer.ca,Sao Tome and Principe,0,36,70334.43,9823.22,632600.47,46135.27
Sandra J. Huber,enim@famesac.org,Benin,0,57,59168.01,10474.44,623487.6,56973.18
Octavius C. Spencer,Curabitur.consequat@miDuisrisus.com,Bangladesh,0,33,61889.62,12024.48,133226.06,24184.07
Brendan G. Kelley,vel@lorem.org,Venezuela,1,43,66013.95,7039.54,610942.14,49079.62
Shaeleigh M. Mckenzie,diam.lorem.auctor@estmollisnon.net,Christmas Island,1,46,55434.04,18693.15,316906.64,37093.92
Rooney R. Padilla,eu.turpis@accumsansed.co.uk,Philippines,0,45,68499.69,15436.8,308445.86,43401.57
Damon K. Boone,nec@ad.net,French Southern Territories,1,43,54749.89,7631.69,152883.35,29092.13
Taylor A. Patel,erat.vitae.risus@temporarcu.edu,Jamaica,1,38,74590.25,5614,573441.97,48349.16
Lillith H. Larsen,dignissim.lacus.Aliquam@maurissapien.com,Thailand,1,40,67772.67,6887.25,134188.45,33261
Tobias L. Sullivan,tempus.non@nasceturridiculus.ca,Poland,1,43,62563.58,6130.31,426488.75,41327.17
Quincy Q. Ayers,nisl.Nulla@Donecelementumlorem.net,Belarus,0,42,70361.02,12024.73,575500.77,49336.12
Ulysses X. Burch,Sed.nunc.est@arcuMorbi.edu,Kyrgyzstan,0,51,74810.89,13658.34,286849.79,51405.55
Jorden I. Whitley,turpis@orci.com,Italy,0,38,49346.41,5827.82,479685.98,31249.99
Heather G. Goodwin,semper.egestas@maurissapien.co.uk,Uganda,1,41,73426.09,14822.8,336867.71,43598.97
Yardley W. Jacobson,enim.non.nisi@Ut.net,Saint Pierre and Miquelon,1,54,47684.46,10128.76,613372.89,48300.02
Gray F. Walker,lobortis.Class.aptent@iaculis.com,Turkmenistan,0,45,72939.83,7787.2,589669.66,54013.48
Piper S. Houston,risus@enimconsequat.org,Pakistan,0,41,72277.83,13580.88,202710.13,38674.66
Chester X. Carrillo,tempor.erat.neque@ac.com,French Polynesia,1,40,53921.33,9046.18,515305.48,37076.83
Nathaniel P. Stephens,Cras.dictum.ultricies@conubia.ca,Guatemala,0,32,65312.97,11398.82,572037.89,37947.85
Jennifer C. Williamson,rutrum@fermentumconvallisligula.ca,Paraguay,0,54,55619.34,11212.44,229070.55,41320.07
Rae C. Hodge,lacus@massaSuspendisse.ca,Kiribati,0,55,70914.6,9644.41,779143.6,66888.94
Urielle M. Contreras,elit.Aliquam.auctor@dolor.org,Bolivia,0,35,33423,8570.61,211168.63,12536.94
Mechelle W. Stanton,Pellentesque.habitant@auctorquistristique.org,Saint Barth?lemy,0,46,53382.43,5055.44,438491.88,39549.13
Leila F. Hubbard,ultrices.posuere.cubilia@magnisdis.com,Samoa,1,45,74173.39,11315.6,521404.24,52709.08
Tanisha H. Foster,sem.vitae@malesuadafringillaest.net,Andorra,0,50,53587.13,8501.5,811594.04,53502.98
Hammett F. Marsh,tempus.scelerisque@maurisaliquam.ca,Iraq,1,54,58011.63,9822.43,552454.03,52116.91
Calvin A. Lancaster,ante.bibendum.ullamcorper@fringilla.net,South Africa,1,29,69171.95,6354.83,613104.78,38705.66
Rachel H. Ballard,ipsum.leo.elementum@amet.org,Saint Vincent and The Grenadines,1,56,66779.91,14300.13,202576.62,48025.03
Solomon P. Randolph,orci.luctus.et@lacus.com,Argentina,0,54,79173.08,6913.06,397700.14,59483.91
Kasimir Q. Cherry,risus@in.net,Andorra,0,33,63065.12,8907.66,505897.3,35911.65
Dominic I. Faulkner,pharetra.Nam@sociisnatoque.org,Tonga,0,48,65530.36,8774.07,210573.7,41034.28
Pascale I. Key,urna.suscipit@enim.ca,Equatorial Guinea,0,49,63732.39,12848.2,581620.48,51730.17
Nola L. Sweeney,eu@necmaurisblandit.co.uk,Solomon Islands,0,55,62689.54,8732.14,481513.51,53021.86
Clementine X. Powell,quis.pede@Aliquamfringilla.ca,Papua New Guinea,0,42,51539.93,6932.95,371355.69,32828.03
Quinlan U. Sears,magna@velarcueu.ca,Canada,1,41,59060.09,5841.61,136346.31,29417.65
Odette Q. Sherman,Mauris.molestie@Intincidunt.co.uk,Sierra Leone,1,53,62713.78,11498.04,679435.17,57461.51
Kirestin F. Yang,eleifend.egestas.Sed@tempus.net,South Africa,1,53,44747.66,4975.14,793986.62,50441.62
Colleen S. Mcguire,tincidunt@Proinsedturpis.edu,Grenada,0,44,65529.7,3932.84,353929.55,41575.35
Dennis N. Thompson,vitae.erat@urnaNullamlobortis.ca,Guatemala,0,42,62426.52,6619.93,630411.27,46412.48
Lester J. Burch,Nunc.mauris@commodo.com,Turkmenistan,0,41,73498.31,3066.94,491904.19,47610.12
Madeson R. Salinas,Cum.sociis.natoque@acnullaIn.edu,"Bonaire, Sint Eustatius and Saba",0,48,86565.16,13701.8,819002.17,70878.3
Abigail X. Lindsey,dui@nondui.ca,Croatia,0,63,46549.16,640.05,626163.83,55543.38
Rachel E. Suarez,non.vestibulum.nec@euturpis.co.uk,Guam,1,59,70111.54,7949.46,239217.67,53848.76
Derek X. Richards,tincidunt@porttitor.com,Croatia,1,45,66747.67,9691.23,221290.98,39904.82
Evangeline G. Cooper,Integer.id.magna@Sedidrisus.org,Saint Barth?lemy,1,47,72025.68,6988.65,222341.03,44736.41
Kieran G. Justice,in@Sed.co.uk,Samoa,1,49,70737.29,13851.11,266765.48,46937.17
Zenia H. Patel,dis@tortor.com,Puerto Rico,1,40,57455.76,12186.03,159727.88,28440.81
Michelle R. Burke,dui@justo.ca,Mauritania,1,41,60657.59,3331.3,392177.79,38148
Florence U. Hunter,diam@tellus.org,Ethiopia,0,47,50694.43,10881.9,587858.63,42747.54
Jelani A. Wall,aliquet@Duisa.co.uk,Brazil,0,27,55369.73,10888.93,606851.17,29670.83
"England, Abel D.",enim.commodo@parturientmontesnascetur.org,?land Islands,1,46,82425.65,7525.25,684273.59,63038.2
"Oconnor, Linus Q.",Donec.elementum@Fuscemilorem.co.uk,Mayotte,0,51,82094.11,1065.61,577272.68,63248.76
"Herman, Griffith P.",ligula.Nullam.enim@nibhlacinia.edu,Liechtenstein,0,43,74090.51,10877.69,225670.13,42321.57
"Knapp, Quamar P.",Maecenas.libero.est@miacmattis.com,El Salvador,0,32,73935.74,8253.58,625484.09,44463.31
"Chambers, Avram C.",Nunc.pulvinar.arcu@ultricesaauctor.ca,Isle of Man,1,63,75719.23,10515.28,474485.67,67092.23
"Cervantes, Rylee Q.",luctus.lobortis.Class@sitametdapibus.co.uk,Gambia,1,35,47054.14,7234.67,275762.48,22091.12
"Ashley, Macon Z.",metus.Vivamus.euismod@arcuVivamus.co.uk,Bosnia and Herzegovina,1,50,42003.02,6052.84,579220.04,40022.17
"Jimenez, Joel G.",faucibus.lectus.a@ut.net,Iraq,0,51,74418.56,8632.7,472761.62,56071.61
"Bond, Caryn Y.",libero.Proin@acnulla.net,Guinea-Bissau,1,54,52786.2,9246.81,556014.97,49442.12
"Gross, Cedric D.",aliquam.adipiscing@maurissapien.edu,Bhutan,0,37,78805,12710,315058.72,42497.73
"Dyer, Aline L.",convallis@scelerisque.net,Maldives,0,44,66932.47,11033.16,149761.13,37084.78
"Rivers, Sonya A.",vel.lectus@Praesent.net,India,1,57,56066.08,5235.76,497876.25,51866.49
"Frazier, Kai O.",Cras@quamelementum.com,Liechtenstein,0,47,48591.57,14309.21,364858.71,35716.31
"Bond, Nyssa S.",fringilla.euismod.enim@aauctornon.net,Bolivia,0,52,38213.89,11492.74,579059.31,39892.93
"Rush, Jarrod T.",vestibulum.nec.euismod@netusetmalesuada.ca,Mongolia,1,52,56444.77,11932.74,69821.64,35781.16
"Stephens, Tanner E.",egestas@turpisnecmauris.com,Mozambique,0,48,67080.61,7880.42,244188,42866.21
"Cameron, Kimberley P.",nec.tellus@lacinia.co.uk,Namibia,1,55,83333.81,9874.08,1000000,80000
"Mcdowell, Victoria J.",risus.Duis@ornareFuscemollis.net,Trinidad and Tobago,0,47,73502.12,11132.39,765711.6,60526.98
"Dalton, Grant D.",velit@doloregestas.net,Moldova,1,45,88816.03,9317.22,493592.18,59758.73
"Gregory, Reuben Z.",fermentum@blanditviverra.ca,Martinique,1,40,70381.37,6718.86,305253.27,39606.25
"Schultz, Lee I.",velit.eget.laoreet@quis.ca,Algeria,1,47,67647.75,8767.78,787984.29,58641.71
"Wise, Mechelle E.",est.mollis@dui.ca,Mauritius,0,45,79781.9,11148.1,427287.63,52983.89
"Mcclure, Avye L.",dictum@lorem.org,Israel,1,49,64665.39,7404.08,521815.74,50666.88
"Livingston, Blaze Y.",montes.nascetur@liberoet.co.uk,Serbia,0,60,58837.97,12788.82,622324.75,59625.03
"Fuentes, Dora E.",nonummy@ornareelitelit.org,Sierra Leone,0,34,49607.23,9344.32,290711.87,22630.26
"Thompson, Alvin R.",interdum.ligula@Phasellus.edu,Iraq,0,36,67032.16,7666.53,516738.17,41137.89
"Armstrong, Hedda N.",magnis.dis@aliquam.org,Equatorial Guinea,0,51,65245.57,11554.27,542777.49,53496.48
"Casey, Sylvia E.",Integer.vitae.nibh@a.org,Tanzania,0,42,56174.34,10394.57,398011.58,36543.94
"Shaw, Rooney Q.",Curabitur.vel@Nullam.net,Mayotte,0,48,47227.02,11312.51,642335.1,43503.97
"Sexton, Shaeleigh H.",Cras.convallis.convallis@Fuscealiquam.net,Niue,1,35,40300.49,8828.16,719846.98,31146.71
"Langley, Skyler J.",mi.eleifend.egestas@cursuset.net,Austria,1,44,45504.75,9245.47,374777.69,31526.05
"Caldwell, Yolanda F.",ac.facilisis.facilisis@necmalesuada.com,Czech Republic,0,48,50017.38,7514.39,160487,31083.7
"Olson, Riley O.",ornare.sagittis@hendrerit.ca,Bouvet Island,1,47,66226.73,8511.81,356213.08,45366.36
"Irwin, Dillon J.",arcu@dictummiac.edu,Tokelau,0,31,41361.95,10755.51,615720.04,25252.93
"Terry, Mollie K.",quam.dignissim.pharetra@aauctornon.ca,Greenland,1,45,56687.41,9050.28,414034.61,39888.6
"Hudson, Maxwell F.",metus.eu.erat@non.org,Guernsey,0,49,68114.6,11633.95,521061.11,52240.73
"Levy, Irma P.",lacus.varius@sitamet.ca,Saint Kitts and Nevis,0,61,51086.88,12254.54,59630.08,39911.61
"Brady, Oscar Y.",erat@urnaUttincidunt.com,Rwanda,0,51,71921.45,6354.37,169714.27,45857.75
"Dudley, Ryder M.",sed@sedtortor.co.uk,Falkland Islands,1,35,56807.02,8851.56,385250.72,30826.11
"Morales, Halla M.",elit.elit.fermentum@erosturpisnon.org,United States Minor Outlying Islands,0,53,43019.85,8527.03,454791.73,39422.79
"Holloway, Brennan Q.",fringilla.purus.mauris@risusatfringilla.ca,Morocco,1,42,63875.21,11397.69,188327.58,34678.83
"Powers, Naomi B.",Cras.eu@vitaevelitegestas.net,Samoa,1,39,41587.39,5397.03,322891.78,23517.92
"Armstrong, Naomi D.",nunc.sed.pede@Quisqueporttitor.net,Colombia,1,38,49661.97,4679.44,375654.15,28733.69
"Flores, Caldwell U.",ut@Etiamvestibulum.ca,Western Sahara,0,41,92471.18,5404.4,515717.75,59096.27
"Russo, Fleur N.",erat@at.edu,Kuwait,0,44,70136.83,7765.98,555993.11,50188.87
"Reese, Sylvia H.",Proin.nisl.sem@Maecenasmalesuada.co.uk,Turks and Caicos Islands,1,43,52664.72,14435.74,411932.82,35659.12
"Burke, Simon H.",lacinia@Nullam.com,Morocco,1,39,55618.07,7557.66,854283.56,46398.35
"Mayer, Paki D.",Nunc.lectus.pede@egestasrhoncus.com,Somalia,0,33,54912.44,8203.56,537572.13,32291.19
"Bush, Jessica C.",dolor.sit.amet@iaculisneceleifend.ca,Micronesia,0,47,56692.78,7946.44,685541.65,49079.29
"West, April J.",ante@nisi.org,Marshall Islands,0,45,63561.05,3730.12,608019.63,49348.88
"Levy, Wesley S.",facilisis.vitae.orci@sociosquad.co.uk,Dominican Republic,1,51,62788.94,13224.45,192514.64,41427.6
"Nieves, Bertha O.",dolor@velitegestas.org,American Samoa,0,42,38453.86,15283.42,320834.01,24222
"Patrick, Merritt L.",ut@nonummyut.net,United Kingdom (Great Britain),0,55,59486.27,6515.34,228434.05,44424.08
"Mcdaniel, Marcia Z.",non.nisi.Aenean@etmagnis.co.uk,Armenia,1,62,68149.63,9560.45,401916.1,60390.07
"Ortiz, Drew P.",tincidunt@vel.edu,Seychelles,0,52,49393.47,11521.62,475263.28,42793.99
"Oneill, Tiger A.",orci.Phasellus@ut.org,Maldives,0,51,72262.2,12124.82,187821.1,46935.73
"Sims, Tashya J.",aliquam@anteNuncmauris.ca,Latvia,1,63,64494.4,8765.62,408679.86,58667.07
"Lawrence, Hope Z.",metus.vitae@Morbisitamet.ca,Switzerland,1,46,54362.7,15647.35,388898.07,38042.8
"Jenkins, Hasad P.",adipiscing.elit.Aliquam@Utsagittislobortis.co.uk,Saint Martin,1,47,55657.66,9625.4,377424.62,39270.58
"Rodriguez, Basia D.",Vestibulum@lobortis.org,Senegal,0,58,73512.41,11054.27,236420.97,54606.19
"Blair, Abra U.",montes@Loremipsum.edu,Belize,1,37,70621.52,9384.07,366327.74,39083.94
"Rosario, Elijah N.",In@non.com,Grenada,1,51,70275.69,10359.18,253181.98,47984.12
"Beach, Victor S.",consequat.auctor@lacuspede.co.uk,Chile,0,36,74420.1,10274.14,551344.34,46082.81
"Ruiz, Rafael L.",sed.pede@volutpatNulladignissim.net,Uruguay,1,32,54395.05,10693.89,549212.43,30964.08
"Macdonald, Rahim B.",augue.eu@nisi.edu,South Georgia and The South Sandwich Islands,1,32,60384.35,11518.29,589180.45,35726.95
"Valdez, Joy U.",lobortis.quam@velarcueu.org,Guinea,1,43,66813.66,15458.69,600685.19,49065.16
"Watson, Moana M.",ipsum.Suspendisse@diamDuismi.org,Afghanistan,0,51,84120.95,9596.51,27888.75,48955.86
"Cote, Evangeline F.",lorem.tristique.aliquet@estNunclaoreet.net,Belgium,1,43,54236.62,7275.31,432447.53,37183.1
"Delgado, Jasper U.",lacinia@posuere.ca,Isle of Man,1,58,64426.6,9514.65,137601.84,46710.53
"Hardy, Hilary R.",egestas.Fusce@orciDonecnibh.com,Micronesia,1,49,71150.2,9849,480468.25,52889.56
"Stafford, Berk Y.",Quisque@ultriciessem.net,Dominican Republic,0,43,60325.21,10128.12,62149.94,29754.66
"Daugherty, Veda M.",venenatis.vel.faucibus@iaculisnec.net,Guinea,1,48,91083.74,13148.86,387538.25,60960.83
"Harmon, David N.",aliquet.diam.Sed@posuere.org,Cura?ao,0,40,60380.23,2799.72,508962.49,39975.43
"Houston, Grant O.",ut.aliquam@egetlacusMauris.ca,Bermuda,1,35,72948.12,12664.32,360457.05,38545.8
"Collier, Xerxes Q.",eu@magnaLorem.org,Lithuania,0,43,74834.57,9366.03,712233.82,56764.45
"Lewis, Jackson U.",pellentesque.a.facilisis@nonlacinia.co.uk,Afghanistan,1,57,67752.38,13851.92,657178.41,63079.84
"Smith, Nola H.",orci.lacus.vestibulum@gravidasit.co.uk,Saint Vincent and The Grenadines,1,47,59205.89,2689.32,856287.15,55700.83
"Jensen, Ebony Y.",ac@sagittisNullam.net,Portugal,0,32,64874.03,8511.84,528087.53,36367.18
"Kim, Claudia W.",sit.amet@dignissimmagnaa.edu,Macao,0,44,63305.85,16146.77,749016.57,52477.83
"Livingston, Lucas K.",porttitor.scelerisque@Aliquam.ca,Uruguay,0,50,74176.21,11894.42,290608.4,50296.67
"Bradford, Daquan F.",Nunc@euarcuMorbi.ca,United States,1,44,47230.92,4421.15,558001.02,37259.84
"Park, Quincy A.",amet.consectetuer@orciinconsequat.ca,Antarctica,0,57,65980.96,7009.19,173272.9,47715.96
"Dillon, Lynn W.",ornare.egestas.ligula@urnaVivamusmolestie.com,Western Sahara,0,35,51428.66,9221.27,457116.19,29540.87
"Blackburn, Joel Y.",semper@tristique.co.uk,"Korea, South",1,53,75381.08,7925.06,545125.96,60567.19
"Sanders, Selma F.",velit.Pellentesque@Nullam.org,Syria,1,41,54742.39,10342.61,447393.49,36125.49
"Solis, Melissa T.",placerat.eget@placeratorcilacus.com,Saint Vincent and The Grenadines,0,44,76245.24,6139.39,674190.69,57303.87
"Holmes, Ross Y.",velit@Pellentesquetincidunttempus.net,Bulgaria,1,63,60409.76,9611.32,255285.41,51922.08
"Sutton, Michelle D.",enim.Mauris@Namac.net,Madagascar,0,50,57600.6,10340.3,128387.93,35848.83
"Munoz, Kennedy K.",dolor@nislelementumpurus.edu,Bouvet Island,1,42,71371.93,7094.83,321431.28,42704.32
"Little, Hayley R.",nunc.est@purusmaurisa.co.uk,Cayman Islands,1,41,79444.01,11620.11,627086.66,55174.99
"Church, Lareina E.",lectus.rutrum.urna@nisinibh.co.uk,Honduras,0,40,47569.44,7840.29,281690.84,26599.91
"Wolf, Tashya X.",nulla.Integer.vulputate@eutelluseu.edu,Anguilla,1,40,71193.73,3854.73,762832.26,53993.44
"Barr, Hyatt D.",sem@odiovel.edu,Mexico,1,56,46412.82,11652.27,595028.84,47970.77
"Hopper, Orson W.",luctus@magnaseddui.net,Tunisia,1,48,57368.06,10175.74,466128.91,43641.66
"Decker, Jolie T.",pellentesque.massa.lobortis@facilisis.net,Kyrgyzstan,1,41,65826.12,11715.37,416748.73,41679.79
"Chaney, Reuben I.",Integer@vulputate.net,Saint Pierre and Miquelon,0,61,61824.88,11212,660897.01,63140.05
"Ross, Kermit D.",Donec@lacusQuisquepurus.net,Australia,1,35,61723.01,9913.19,291897.41,30757.66
"Hampton, Venus Q.",elit@faucibusMorbivehicula.net,Guadeloupe,0,55,72310.4,3093.71,724025.41,65592.22
"Chavez, Ralph U.",Aenean@interdum.edu,Tuvalu,0,37,67548.77,10462.36,388284.3,37871.71
"Whitaker, Adena B.",pharetra.sed.hendrerit@accumsanneque.com,Equatorial Guinea,0,48,62175.69,12967.28,343290.68,42919.52
Nola,elit@Fuscealiquamenim.ca,Montenegro,0,32,60584.85,8133.46,129635.63,22599.46
Melodie,facilisi.Sed@tortordictum.com,"Korea, South",1,62,66655.41,8001.64,805075.52,70598.97
Seth,dignissim@nibhPhasellus.com,Turks and Caicos Islands,0,49,63718.88,11863.06,298920.01,43242.58
Kyra,Etiam@diamluctus.org,Portugal,0,43,60862.98,8033.55,344060.18,38138.58
Caldwell,amet@congue.edu,Iceland,1,36,67508.12,10188.69,141587.65,30419.8
Benjamin,nisi.Mauris.nulla@vitaeodiosagittis.ca,Faroe Islands,0,61,61639.76,17870.64,684209.55,63868.94
Florence,eros@faucibus.com,"Virgin Islands, British",0,46,63172.96,6332.2,456524.79,45112.95
Oleg,Aenean.gravida@mifelis.com,Tuvalu,0,57,58653.66,17142.41,201228.02,44361.88
Donovan,iaculis.odio.Nam@sedfacilisis.org,Saint Vincent and The Grenadines,1,36,40558.75,4981.27,283241.28,19525.3
Blaze,vitae.semper.egestas@montesnascetur.co.uk,Costa Rica,0,49,76870.01,5575.32,266531.3,49991.61
Illana,mi.pede.nonummy@euismodetcommodo.org,Bahamas,1,63,71948.81,8061.97,365862.78,61731.71
Yvette,justo@pedeCras.ca,Brazil,0,49,67629.85,10916.86,151946.31,41769.38
Walter,metus.vitae.velit@CuraePhasellus.co.uk,Antarctica,1,44,67121.32,12087.38,472403.12,46402.54
Dexter,est.arcu@in.org,Senegal,1,43,57376.48,12878.55,376886.36,37376.63
Cameran,tristique@ligulaAliquam.net,Mauritania,0,48,56944.87,16449.07,116407.53,33766.64
Penelope,vestibulum@metus.org,Luxembourg,0,37,60174.06,15666.43,271414.76,30667.61
Hyatt,erat.Vivamus@ligula.co.uk,Algeria,1,49,81997.33,12616.46,237185.17,52056.41
Stone,neque.non@iaculisaliquet.edu,Colombia,1,40,36960.77,1768.87,630120,30736.58
Irma,placerat.eget.venenatis@elitpharetraut.edu,Jersey,0,42,64412.43,10449.62,355175.37,39439.45
Josiah,Phasellus@Aliquamadipiscing.co.uk,Bolivia,1,30,70076.23,1726.81,552267.64,38174.87
Nathan,Nam.interdum.enim@et.com,Isle of Man,1,43,72016.92,11602.74,205006.22,40589.86
Stacy,aliquet.odio@fermentumvel.edu,Belarus,0,55,63186.13,7122.16,762601.08,62028.71
Kane,iaculis.quis.pede@adipiscingenim.net,Slovakia,0,40,76086.84,9258.18,482866.55,48465.27
Reed,diam.nunc@lectusconvallisest.org,Kuwait,1,38,74445.73,7515.15,297964.26,40095.05
Lani,odio.Phasellus@fringilla.co.uk,Congo (Brazzaville),0,43,85475.64,13786.15,267555.12,49568.48
Curran,risus@Sedmalesuada.net,Tokelau,1,37,51111.77,9057.6,461366.78,31408.63
Rhonda,Sed.congue.elit@faucibusleo.ca,Hungary,0,41,79064.96,7221.67,365871.5,47719.48
Leroy,arcu.et.pede@Morbinequetellus.org,Mauritania,1,42,55514.99,8009.72,394229.9,35784.42
Adrienne,mauris.Morbi@ligulatortordictum.net,Kyrgyzstan,0,38,75901.82,6512.71,357468.19,42905.54
Aileen,venenatis.lacus@nuncQuisque.edu,Chile,0,43,56687.94,10827.16,790116.43,48516.84
Rafael,nonummy.Fusce@sem.net,Angola,0,44,59801.06,8042.39,601744.96,45593.68
Olivia,lacus.vestibulum.lorem@gravidaAliquamtincidunt.ca,Grenada,0,41,57303.83,10836.42,258194.84,32061.65
Hiram,ipsum.non.arcu@placeratorci.com,Belize,0,46,43412.86,7843.4,392003.29,32208.38
Jelani,consectetuer.adipiscing.elit@vestibulumneceuismod.net,Bangladesh,1,46,58948.93,8282.08,205439.37,35475
Madeson,libero.et@Crasdictum.ca,Christmas Island,1,40,56086.45,6588.61,228388.55,29519.56
Uriah,molestie@commodoauctorvelit.co.uk,Niger,1,45,80015.83,9064.62,508555.16,55420.57
Brady,massa@nec.co.uk,Malta,1,58,41409.29,8211.34,421318.98,42139.65
Denise,montes@inconsectetuer.edu,Niue,0,62,40387.92,5761.4,622569.6,50539.9
Lyle,nascetur@amet.org,New Caledonia,0,52,48746.72,3923.41,217188.41,34922.43
Victor,lectus.a@nonhendreritid.org,Armenia,0,44,70230.15,8542.02,320525.73,43898.27
Demetria,Donec.at@sedlibero.net,Slovakia,0,44,64961.39,6885.72,265717.25,39135.03
Ora,bibendum.Donec.felis@liberoestcongue.org,Uruguay,1,40,57777.16,19692.91,601210.28,41147.47
Trevor,Sed@Pellentesquetincidunttempus.edu,Chile,0,33,54447.15,13141.32,284155.42,24134.59
Kristen,urna@vitaeodiosagittis.ca,Egypt,1,44,59712.31,7135.99,487564.55,42705.11
Aristotle,ac@non.com,Namibia,0,42,65605.42,13629.11,297540.88,38901.61
Camden,Aliquam.adipiscing.lobortis@loremut.net,Congo (Brazzaville),1,20,70467.29,100,494606.63,28645.39
Urielle,est.congue@Nunc.edu,Canada,0,53,76318.88,6392.21,245216.17,52150.42
Jolene,erat.neque.non@elit.com,Viet Nam,1,56,77657.56,14438.24,622831.92,66648.25
Holly,accumsan@parturientmontes.net,Micronesia,1,44,60487.9,9911.04,478428.72,42909.27
Wayne,molestie.orci@condimentum.com,Cape Verde,1,52,67729.97,10279.91,314885.13,49248.11
Judith,vel.nisl.Quisque@mollisPhasellus.co.uk,Poland,0,43,49463.06,6478.16,201636.87,27303.17
Dennis,nunc.nulla.vulputate@dignissimmagnaa.edu,Haiti,1,49,65850.48,3912.39,419556.62,47869.83
Kaitlin,parturient@Nuncsollicitudincommodo.co.uk,French Southern Territories,1,56,66505.38,3942.77,621309.59,59984.16
Harriet,amet.orci@tellus.net,Mali,0,47,58260.57,4658.41,507572.64,45271.46
Tatyana,sem@parturientmontesnascetur.net,Norfolk Island,0,25,45092.74,11380.09,158758.36,9000
Paula,Nam@enimmitempor.com,Northern Mariana Islands,1,45,63845.77,7761.85,505048.76,46012.11
Tamekah,ut.pharetra@ametultricies.net,Costa Rica,1,46,55293.58,8276.64,169476,32967.2
Brandon,non@purusaccumsaninterdum.com,Suriname,0,33,87598.02,10814.58,485563.74,48785.16
Veda,et.euismod@Duis.co.uk,Luxembourg,1,43,71753.31,9119.79,400703.27,45824.57
Seth,Nulla.aliquet@sedturpisnec.co.uk,Bosnia and Herzegovina,1,48,45368.16,12203.49,577058.18,40102.11
Kai,velit@molestie.com,Greenland,0,48,45362.67,2524.99,399437.52,35457.15
Piper,erat.neque@mattisvelitjusto.org,Malawi,0,40,40727.39,9725.55,508529,29556.79
Hillary,ut.mi.Duis@quisarcu.com,South Sudan,1,39,58632.59,12035.37,516817.32,38243.06
Francis,Phasellus@estcongue.ca,Solomon Islands,0,39,66680.27,10263.15,556945.87,44430.63
Rogan,pulvinar@porttitortellus.ca,Jamaica,1,54,75892.31,8110.95,177878.18,51046.42
Kyle,a.feugiat@enimnisl.com,Papua New Guinea,0,53,59297.42,9592.43,567842.13,52570.37
Vaughan,Aliquam@aaliquet.com,Ukraine,0,51,92455.73,9877.17,285326.35,61404.23
India,risus.at.fringilla@feugiat.ca,Nigeria,0,55,32697.98,10858.03,218808.76,28463.64
Edward,rutrum.urna@faucibusidlibero.co.uk,Greenland,1,35,55418.76,8837.65,312927.92,27586.2
Laurel,felis@orciconsectetuereuismod.ca,India,0,43,68921.4,8120.2,515012.28,47979.49
Igor,Proin.eget@aliquetnecimperdiet.org,Grenada,0,37,43739.98,5933.18,517110.95,28164.86
Diana,purus.ac.tellus@parturientmontesnascetur.org,Guadeloupe,0,60,81565.96,9072.06,544291.95,69669.47
Todd,egestas.a@vel.ca,New Zealand,0,44,65364.06,7839.41,579640.8,48052.65
Zephania,montes@sedsem.ca,Malawi,1,39,65019.16,4931.56,341330.73,37364.23
Brock,Vivamus.nisi@elitpharetraut.ca,United States Minor Outlying Islands,1,42,58243.18,15149.03,649323.79,44500.82
Avye,Cras@eros.net,Armenia,0,32,73558.87,11164.53,301245.77,35139.25
Serena,odio.Nam@estac.ca,Northern Mariana Islands,1,52,66088.02,6769.18,557098.96,55167.37
Barclay,diam.Proin@ut.edu,"Saint Helena, Ascension and Tristan da Cunha",0,56,54441.72,4362.72,432850.42,48383.69
Isabella,et.magnis@necmetus.ca,Turkey,1,41,60101.8,12989.37,340720.52,35823.55
Mia,sed.est@afelisullamcorper.edu,Turkmenistan,1,51,50153.44,6596.01,266939.17,36517.71
Chester,Integer@odioauctor.co.uk,Jamaica,0,58,61430.93,11561.07,421891.85,53110.88
Isaac,pretium.aliquet.metus@pretiumneque.com,Saint Kitts and Nevis,0,51,65846.51,9141.67,531840.33,53049.45
Heather,erat.Etiam@elementum.org,Madagascar,1,29,55433.61,10769.75,276466.62,21471.11
Justine,orci.adipiscing@penatibuset.com,Venezuela,1,53,62979.6,14297.25,247421.92,45015.68
Bert,sem.Pellentesque@quis.net,Israel,0,43,76523.33,10373.01,620355.27,55377.88
Gil,Phasellus.fermentum@dictumplacerataugue.net,France,0,62,63956.16,16978.53,360787.64,56510.13
Dolan,ipsum.Phasellus@egestasblanditNam.edu,Yemen,1,60,39460,8769.29,571245.37,47443.74
Cheryl,iaculis.enim@nislelementum.edu,Indonesia,1,37,66923.44,8611.47,522814.82,41489.64
Courtney,porttitor.tellus@elitelit.org,Malaysia,0,43,50051.14,893.24,347177.84,32553.53
Neville,felis.Nulla@mi.ca,Mauritania,0,42,61575.95,594.8,497197.26,41984.62
Gloria,Curabitur.egestas.nunc@fermentumfermentum.ca,Gambia,0,55,64430.07,6924.11,664862.01,59538.4
Jonah,augue@risusNuncac.co.uk,Myanmar,1,46,63722,10711.44,316128.4,41352.47
Merrill,dolor.sit@turpisIn.com,Egypt,1,50,78518.22,10072.48,294506.08,52785.17
Nolan,Donec.at@neccursus.co.uk,Latvia,0,55,72424.8,9831.18,523680.77,60117.68
Winter,egestas.urna.justo@maurissagittis.edu,Wallis and Futuna,0,43,77665.17,13308.88,349588.56,47760.66
Rigel,egestas.blandit.Nam@semvitaealiquam.com,Sao Tome and Principe,0,52,77345.62,6736.75,665099.14,64188.27
Walter,ligula@Cumsociis.ca,Nepal,0,41,71942.4,6995.9,541670.1,48901.44
Vanna,Cum.sociis.natoque@Sedmolestie.edu,Zimbabwe,1,38,56039.5,12301.46,360419.1,31491.41
Pearl,penatibus.et@massanonante.com,Philippines,1,54,68888.78,10611.61,764531.32,64147.29
Nell,Quisque.varius@arcuVivamussit.net,Botswana,1,59,49811.99,14013.03,337826.64,45442.15
Marla,Camaron.marla@hotmail.com,marlal,1,47,61370.68,9391.34,462946.49,45107.23
